step,episode,return,length,epsilon
19,1,19.0,19,1.0
38,2,19.0,19,1.0
50,3,12.0,12,1.0
68,4,18.0,18,1.0
79,5,11.0,11,1.0
100,6,21.0,21,1.0
116,7,16.0,16,1.0
138,8,22.0,22,1.0
162,9,24.0,24,1.0
182,10,20.0,20,1.0
196,11,14.0,14,1.0
214,12,18.0,18,1.0
230,13,16.0,16,1.0
245,14,15.0,15,1.0
263,15,18.0,18,1.0
291,16,28.0,28,1.0
309,17,18.0,18,1.0
338,18,29.0,29,1.0
350,19,12.0,12,1.0
363,20,13.0,13,1.0
406,21,43.0,43,1.0
433,22,27.0,27,1.0
443,23,10.0,10,1.0
457,24,14.0,14,1.0
498,25,41.0,41,1.0
506,26,8.0,8,1.0
519,27,13.0,13,1.0
554,28,35.0,35,1.0
582,29,28.0,28,1.0
593,30,11.0,11,1.0
606,31,13.0,13,1.0
616,32,10.0,10,1.0
630,33,14.0,14,1.0
643,34,13.0,13,1.0
658,35,15.0,15,1.0
677,36,19.0,19,1.0
695,37,18.0,18,1.0
722,38,27.0,27,1.0
737,39,15.0,15,1.0
749,40,12.0,12,1.0
775,41,26.0,26,1.0
785,42,10.0,10,1.0
797,43,12.0,12,1.0
807,44,10.0,10,1.0
823,45,16.0,16,1.0
866,46,43.0,43,1.0
940,47,74.0,74,1.0
958,48,18.0,18,1.0
972,49,14.0,14,1.0
998,50,26.0,26,1.0
1036,51,38.0,38,0.99886
1060,52,24.0,24,0.9981
1084,53,24.0,24,0.99734
1094,54,10.0,10,0.9970233333333334
1120,55,26.0,26,0.9962
1155,56,35.0,35,0.9950916666666667
1190,57,35.0,35,0.9939833333333333
1212,58,22.0,22,0.9932866666666667
1242,59,30.0,30,0.9923366666666666
1269,60,27.0,27,0.9914816666666667
1287,61,18.0,18,0.9909116666666666
1296,62,9.0,9,0.9906266666666667
1354,63,58.0,58,0.98879
1369,64,15.0,15,0.988315
1390,65,21.0,21,0.98765
1432,66,42.0,42,0.98632
1451,67,19.0,19,0.9857183333333334
1461,68,10.0,10,0.9854016666666666
1473,69,12.0,12,0.9850216666666667
1507,70,34.0,34,0.983945
1535,71,28.0,28,0.9830583333333334
1548,72,13.0,13,0.9826466666666667
1570,73,22.0,22,0.98195
1597,74,27.0,27,0.981095
1610,75,13.0,13,0.9806833333333334
1649,76,39.0,39,0.9794483333333334
1664,77,15.0,15,0.9789733333333334
1712,78,48.0,48,0.9774533333333333
1740,79,28.0,28,0.9765666666666667
1775,80,35.0,35,0.9754583333333333
1786,81,11.0,11,0.97511
1802,82,16.0,16,0.9746033333333334
1820,83,18.0,18,0.9740333333333333
1871,84,51.0,51,0.9724183333333334
1889,85,18.0,18,0.9718483333333333
1924,86,35.0,35,0.97074
1938,87,14.0,14,0.9702966666666667
1949,88,11.0,11,0.9699483333333333
1974,89,25.0,25,0.9691566666666667
1989,90,15.0,15,0.9686816666666667
2003,91,14.0,14,0.9682383333333333
2012,92,9.0,9,0.9679533333333333
2024,93,12.0,12,0.9675733333333333
2050,94,26.0,26,0.96675
2072,95,22.0,22,0.9660533333333333
2097,96,25.0,25,0.9652616666666667
2115,97,18.0,18,0.9646916666666667
2157,98,42.0,42,0.9633616666666667
2174,99,17.0,17,0.9628233333333334
2187,100,13.0,13,0.9624116666666667
2208,101,21.0,21,0.9617466666666666
2218,102,10.0,10,0.96143
2238,103,20.0,20,0.9607966666666666
2253,104,15.0,15,0.9603216666666666
2279,105,26.0,26,0.9594983333333333
2292,106,13.0,13,0.9590866666666666
2324,107,32.0,32,0.9580733333333333
2373,108,49.0,49,0.9565216666666667
2397,109,24.0,24,0.9557616666666666
2415,110,18.0,18,0.9551916666666667
2521,111,106.0,106,0.951835
2545,112,24.0,24,0.951075
2556,113,11.0,11,0.9507266666666667
2573,114,17.0,17,0.9501883333333333
2591,115,18.0,18,0.9496183333333333
2606,116,15.0,15,0.9491433333333333
2617,117,11.0,11,0.948795
2629,118,12.0,12,0.948415
2684,119,55.0,55,0.9466733333333334
2699,120,15.0,15,0.9461983333333334
2714,121,15.0,15,0.9457233333333334
2726,122,12.0,12,0.9453433333333333
2773,123,47.0,47,0.943855
2809,124,36.0,36,0.942715
2864,125,55.0,55,0.9409733333333333
2881,126,17.0,17,0.940435
2894,127,13.0,13,0.9400233333333333
2920,128,26.0,26,0.9392
2979,129,59.0,59,0.9373316666666667
3022,130,43.0,43,0.93597
3039,131,17.0,17,0.9354316666666667
3100,132,61.0,61,0.9335
3113,133,13.0,13,0.9330883333333333
3125,134,12.0,12,0.9327083333333334
3144,135,19.0,19,0.9321066666666666
3174,136,30.0,30,0.9311566666666666
3194,137,20.0,20,0.9305233333333334
3211,138,17.0,17,0.9299850000000001
3227,139,16.0,16,0.9294783333333333
3242,140,15.0,15,0.9290033333333333
3256,141,14.0,14,0.92856
3292,142,36.0,36,0.92742
3318,143,26.0,26,0.9265966666666666
3337,144,19.0,19,0.925995
3367,145,30.0,30,0.925045
3408,146,41.0,41,0.9237466666666667
3446,147,38.0,38,0.9225433333333334
3456,148,10.0,10,0.9222266666666666
3470,149,14.0,14,0.9217833333333334
3548,150,78.0,78,0.9193133333333333
3573,151,25.0,25,0.9185216666666667
3584,152,11.0,11,0.9181733333333333
3619,153,35.0,35,0.917065
3659,154,40.0,40,0.9157983333333334
3678,155,19.0,19,0.9151966666666667
3694,156,16.0,16,0.91469
3729,157,35.0,35,0.9135816666666666
3751,158,22.0,22,0.912885
3764,159,13.0,13,0.9124733333333334
3789,160,25.0,25,0.9116816666666667
3816,161,27.0,27,0.9108266666666667
3845,162,29.0,29,0.9099083333333333
3865,163,20.0,20,0.909275
3880,164,15.0,15,0.9088
3937,165,57.0,57,0.906995
3948,166,11.0,11,0.9066466666666667
3967,167,19.0,19,0.906045
3986,168,19.0,19,0.9054433333333334
3998,169,12.0,12,0.9050633333333333
4028,170,30.0,30,0.9041133333333333
4048,171,20.0,20,0.9034800000000001
4066,172,18.0,18,0.90291
4090,173,24.0,24,0.90215
4104,174,14.0,14,0.9017066666666667
4128,175,24.0,24,0.9009466666666667
4152,176,24.0,24,0.9001866666666667
4173,177,21.0,21,0.8995216666666667
4191,178,18.0,18,0.8989516666666667
4223,179,32.0,32,0.8979383333333333
4237,180,14.0,14,0.897495
4263,181,26.0,26,0.8966716666666666
4288,182,25.0,25,0.89588
4308,183,20.0,20,0.8952466666666666
4323,184,15.0,15,0.8947716666666666
4361,185,38.0,38,0.8935683333333333
4377,186,16.0,16,0.8930616666666666
4402,187,25.0,25,0.89227
4420,188,18.0,18,0.8917
4430,189,10.0,10,0.8913833333333333
4457,190,27.0,27,0.8905283333333334
4509,191,52.0,52,0.8888816666666667
4529,192,20.0,20,0.8882483333333333
4549,193,20.0,20,0.887615
4591,194,42.0,42,0.886285
4620,195,29.0,29,0.8853666666666666
4647,196,27.0,27,0.8845116666666667
4665,197,18.0,18,0.8839416666666666
4690,198,25.0,25,0.88315
4725,199,35.0,35,0.8820416666666667
4743,200,18.0,18,0.8814716666666667
4764,201,21.0,21,0.8808066666666666
4790,202,26.0,26,0.8799833333333333
4803,203,13.0,13,0.8795716666666666
4816,204,13.0,13,0.8791599999999999
4865,205,49.0,49,0.8776083333333333
4922,206,57.0,57,0.8758033333333334
4939,207,17.0,17,0.875265
4959,208,20.0,20,0.8746316666666667
5011,209,52.0,52,0.872985
5098,210,87.0,87,0.8702300000000001
5107,211,9.0,9,0.869945
5124,212,17.0,17,0.8694066666666667
5154,213,30.0,30,0.8684566666666667
5174,214,20.0,20,0.8678233333333334
5185,215,11.0,11,0.867475
5196,216,11.0,11,0.8671266666666667
5247,217,51.0,51,0.8655116666666667
5263,218,16.0,16,0.865005
5279,219,16.0,16,0.8644983333333334
5308,220,29.0,29,0.86358
5318,221,10.0,10,0.8632633333333334
5336,222,18.0,18,0.8626933333333333
5364,223,28.0,28,0.8618066666666666
5439,224,75.0,75,0.8594316666666667
5453,225,14.0,14,0.8589883333333334
5469,226,16.0,16,0.8584816666666667
5488,227,19.0,19,0.85788
5503,228,15.0,15,0.857405
5540,229,37.0,37,0.8562333333333334
5562,230,22.0,22,0.8555366666666667
5575,231,13.0,13,0.855125
5605,232,30.0,30,0.854175
5632,233,27.0,27,0.85332
5671,234,39.0,39,0.852085
5684,235,13.0,13,0.8516733333333333
5701,236,17.0,17,0.851135
5713,237,12.0,12,0.850755
5735,238,22.0,22,0.8500583333333334
5765,239,30.0,30,0.8491083333333334
5784,240,19.0,19,0.8485066666666666
5800,241,16.0,16,0.848
5846,242,46.0,46,0.8465433333333333
5870,243,24.0,24,0.8457833333333333
5880,244,10.0,10,0.8454666666666667
5892,245,12.0,12,0.8450866666666667
5957,246,65.0,65,0.8430283333333333
6010,247,53.0,53,0.84135
6033,248,23.0,23,0.8406216666666666
6052,249,19.0,19,0.84002
6078,250,26.0,26,0.8391966666666667
6089,251,11.0,11,0.8388483333333333
6099,252,10.0,10,0.8385316666666667
6117,253,18.0,18,0.8379616666666667
6128,254,11.0,11,0.8376133333333333
6143,255,15.0,15,0.8371383333333333
6203,256,60.0,60,0.8352383333333333
6215,257,12.0,12,0.8348583333333334
6267,258,52.0,52,0.8332116666666667
6324,259,57.0,57,0.8314066666666666
6344,260,20.0,20,0.8307733333333334
6361,261,17.0,17,0.8302350000000001
6379,262,18.0,18,0.829665
6395,263,16.0,16,0.8291583333333333
6423,264,28.0,28,0.8282716666666667
6440,265,17.0,17,0.8277333333333333
6491,266,51.0,51,0.8261183333333333
6530,267,39.0,39,0.8248833333333334
6554,268,24.0,24,0.8241233333333333
6567,269,13.0,13,0.8237116666666666
6583,270,16.0,16,0.823205
6598,271,15.0,15,0.82273
6611,272,13.0,13,0.8223183333333334
6632,273,21.0,21,0.8216533333333333
6682,274,50.0,50,0.82007
6697,275,15.0,15,0.819595
6713,276,16.0,16,0.8190883333333333
6740,277,27.0,27,0.8182333333333334
6756,278,16.0,16,0.8177266666666667
6793,279,37.0,37,0.816555
6804,280,11.0,11,0.8162066666666666
6832,281,28.0,28,0.81532
6844,282,12.0,12,0.81494
6862,283,18.0,18,0.81437
6961,284,99.0,99,0.811235
6975,285,14.0,14,0.8107916666666667
6993,286,18.0,18,0.8102216666666666
7038,287,45.0,45,0.8087966666666666
7077,288,39.0,39,0.8075616666666667
7115,289,38.0,38,0.8063583333333333
7152,290,37.0,37,0.8051866666666667
7195,291,43.0,43,0.803825
7222,292,27.0,27,0.80297
7259,293,37.0,37,0.8017983333333334
7275,294,16.0,16,0.8012916666666667
7311,295,36.0,36,0.8001516666666667
7335,296,24.0,24,0.7993916666666667
7355,297,20.0,20,0.7987583333333333
7386,298,31.0,31,0.7977766666666667
7403,299,17.0,17,0.7972383333333333
7440,300,37.0,37,0.7960666666666667
7450,301,10.0,10,0.79575
7466,302,16.0,16,0.7952433333333333
7501,303,35.0,35,0.794135
7531,304,30.0,30,0.793185
7563,305,32.0,32,0.7921716666666667
7602,306,39.0,39,0.7909366666666666
7631,307,29.0,29,0.7900183333333334
7665,308,34.0,34,0.7889416666666667
7700,309,35.0,35,0.7878333333333334
7728,310,28.0,28,0.7869466666666667
7762,311,34.0,34,0.7858700000000001
7796,312,34.0,34,0.7847933333333333
7847,313,51.0,51,0.7831783333333333
7860,314,13.0,13,0.7827666666666667
7885,315,25.0,25,0.781975
7903,316,18.0,18,0.781405
8065,317,162.0,162,0.776275
8157,318,92.0,92,0.7733616666666667
8216,319,59.0,59,0.7714933333333334
8249,320,33.0,33,0.7704483333333334
8300,321,51.0,51,0.7688333333333334
8319,322,19.0,19,0.7682316666666666
8343,323,24.0,24,0.7674716666666667
8428,324,85.0,85,0.76478
8446,325,18.0,18,0.7642100000000001
8506,326,60.0,60,0.76231
8568,327,62.0,62,0.7603466666666667
8584,328,16.0,16,0.75984
8626,329,42.0,42,0.75851
8650,330,24.0,24,0.75775
8706,331,56.0,56,0.7559766666666666
8721,332,15.0,15,0.7555016666666666
8742,333,21.0,21,0.7548366666666667
8770,334,28.0,28,0.75395
8787,335,17.0,17,0.7534116666666667
8834,336,47.0,47,0.7519233333333334
8889,337,55.0,55,0.7501816666666666
8911,338,22.0,22,0.749485
8922,339,11.0,11,0.7491366666666667
8938,340,16.0,16,0.74863
8953,341,15.0,15,0.748155
8968,342,15.0,15,0.74768
8988,343,20.0,20,0.7470466666666666
9011,344,23.0,23,0.7463183333333334
9027,345,16.0,16,0.7458116666666667
9108,346,81.0,81,0.7432466666666666
9127,347,19.0,19,0.742645
9198,348,71.0,71,0.7403966666666667
9215,349,17.0,17,0.7398583333333333
9314,350,99.0,99,0.7367233333333334
9433,351,119.0,119,0.732955
9466,352,33.0,33,0.7319100000000001
9552,353,86.0,86,0.7291866666666666
9618,354,66.0,66,0.7270966666666667
9633,355,15.0,15,0.7266216666666667
9650,356,17.0,17,0.7260833333333334
9666,357,16.0,16,0.7255766666666668
9752,358,86.0,86,0.7228533333333333
9767,359,15.0,15,0.7223783333333333
9815,360,48.0,48,0.7208583333333334
9843,361,28.0,28,0.7199716666666667
9913,362,70.0,70,0.717755
9928,363,15.0,15,0.71728
9946,364,18.0,18,0.71671
9970,365,24.0,24,0.7159500000000001
9985,366,15.0,15,0.7154750000000001
9998,367,13.0,13,0.7150633333333334
10009,368,11.0,11,0.714715
10136,369,127.0,127,0.7106933333333334
10149,370,13.0,13,0.7102816666666667
10183,371,34.0,34,0.7092050000000001
10332,372,149.0,149,0.7044866666666667
10378,373,46.0,46,0.70303
10395,374,17.0,17,0.7024916666666667
10456,375,61.0,61,0.7005600000000001
10473,376,17.0,17,0.7000216666666668
10495,377,22.0,22,0.699325
10554,378,59.0,59,0.6974566666666666
10600,379,46.0,46,0.696
10624,380,24.0,24,0.6952400000000001
10707,381,83.0,83,0.6926116666666666
10751,382,44.0,44,0.6912183333333333
10831,383,80.0,80,0.688685
10869,384,38.0,38,0.6874816666666667
10907,385,38.0,38,0.6862783333333333
10948,386,41.0,41,0.68498
11004,387,56.0,56,0.6832066666666667
11035,388,31.0,31,0.682225
11058,389,23.0,23,0.6814966666666666
11076,390,18.0,18,0.6809266666666667
11137,391,61.0,61,0.678995
11167,392,30.0,30,0.678045
11229,393,62.0,62,0.6760816666666667
11297,394,68.0,68,0.6739283333333334
11401,395,104.0,104,0.670635
11485,396,84.0,84,0.667975
11531,397,46.0,46,0.6665183333333333
11542,398,11.0,11,0.66617
11588,399,46.0,46,0.6647133333333334
11630,400,42.0,42,0.6633833333333333
11644,401,14.0,14,0.6629400000000001
11706,402,62.0,62,0.6609766666666667
11733,403,27.0,27,0.6601216666666667
11771,404,38.0,38,0.6589183333333334
11848,405,77.0,77,0.6564800000000001
12006,406,158.0,158,0.6514766666666667
12027,407,21.0,21,0.6508116666666667
12041,408,14.0,14,0.6503683333333334
12128,409,87.0,87,0.6476133333333334
12167,410,39.0,39,0.6463783333333333
12264,411,97.0,97,0.6433066666666667
12277,412,13.0,13,0.642895
12324,413,47.0,47,0.6414066666666667
12392,414,68.0,68,0.6392533333333335
12417,415,25.0,25,0.6384616666666667
12516,416,99.0,99,0.6353266666666666
12533,417,17.0,17,0.6347883333333333
12628,418,95.0,95,0.63178
12645,419,17.0,17,0.6312416666666667
12662,420,17.0,17,0.6307033333333334
12686,421,24.0,24,0.6299433333333333
12847,422,161.0,161,0.6248450000000001
12868,423,21.0,21,0.62418
12932,424,64.0,64,0.6221533333333333
12946,425,14.0,14,0.62171
12975,426,29.0,29,0.6207916666666666
13006,427,31.0,31,0.61981
13022,428,16.0,16,0.6193033333333333
13046,429,24.0,24,0.6185433333333333
13081,430,35.0,35,0.617435
13104,431,23.0,23,0.6167066666666667
13138,432,34.0,34,0.61563
13160,433,22.0,22,0.6149333333333333
13214,434,54.0,54,0.6132233333333333
13312,435,98.0,98,0.61012
13388,436,76.0,76,0.6077133333333333
13411,437,23.0,23,0.606985
13443,438,32.0,32,0.6059716666666667
13457,439,14.0,14,0.6055283333333333
13467,440,10.0,10,0.6052116666666667
13487,441,20.0,20,0.6045783333333333
13529,442,42.0,42,0.6032483333333334
13623,443,94.0,94,0.6002716666666666
13686,444,63.0,63,0.5982766666666667
13715,445,29.0,29,0.5973583333333333
13850,446,135.0,135,0.5930833333333334
13864,447,14.0,14,0.5926400000000001
13899,448,35.0,35,0.5915316666666667
13914,449,15.0,15,0.5910566666666667
13924,450,10.0,10,0.59074
13954,451,30.0,30,0.58979
13989,452,35.0,35,0.5886816666666667
14027,453,38.0,38,0.5874783333333333
14080,454,53.0,53,0.5858000000000001
14100,455,20.0,20,0.5851666666666667
14114,456,14.0,14,0.5847233333333334
14174,457,60.0,60,0.5828233333333334
14191,458,17.0,17,0.582285
14203,459,12.0,12,0.581905
14213,460,10.0,10,0.5815883333333334
14257,461,44.0,44,0.580195
14273,462,16.0,16,0.5796883333333334
14293,463,20.0,20,0.5790550000000001
14322,464,29.0,29,0.5781366666666667
14397,465,75.0,75,0.5757616666666667
14423,466,26.0,26,0.5749383333333333
14499,467,76.0,76,0.5725316666666667
14513,468,14.0,14,0.5720883333333333
14540,469,27.0,27,0.5712333333333334
14561,470,21.0,21,0.5705683333333333
14601,471,40.0,40,0.5693016666666667
14627,472,26.0,26,0.5684783333333334
14643,473,16.0,16,0.5679716666666668
14659,474,16.0,16,0.5674650000000001
14800,475,141.0,141,0.563
14842,476,42.0,42,0.5616700000000001
14855,477,13.0,13,0.5612583333333334
14871,478,16.0,16,0.5607516666666668
14948,479,77.0,77,0.5583133333333334
14968,480,20.0,20,0.55768
14994,481,26.0,26,0.5568566666666668
15030,482,36.0,36,0.5557166666666666
15110,483,80.0,80,0.5531833333333334
15132,484,22.0,22,0.5524866666666667
15186,485,54.0,54,0.5507766666666667
15310,486,124.0,124,0.5468500000000001
15323,487,13.0,13,0.5464383333333334
15337,488,14.0,14,0.545995
15395,489,58.0,58,0.5441583333333333
15471,490,76.0,76,0.5417516666666666
15497,491,26.0,26,0.5409283333333333
15513,492,16.0,16,0.5404216666666667
15566,493,53.0,53,0.5387433333333334
15586,494,20.0,20,0.53811
15611,495,25.0,25,0.5373183333333333
15648,496,37.0,37,0.5361466666666667
15665,497,17.0,17,0.5356083333333334
15680,498,15.0,15,0.5351333333333333
15789,499,109.0,109,0.5316816666666666
15803,500,14.0,14,0.5312383333333334
15893,501,90.0,90,0.5283883333333333
16139,502,246.0,246,0.5205983333333333
16154,503,15.0,15,0.5201233333333334
16178,504,24.0,24,0.5193633333333334
16213,505,35.0,35,0.518255
16334,506,121.0,121,0.5144233333333333
16389,507,55.0,55,0.5126816666666667
16470,508,81.0,81,0.5101166666666667
16499,509,29.0,29,0.5091983333333333
16524,510,25.0,25,0.5084066666666667
16540,511,16.0,16,0.5079
16557,512,17.0,17,0.5073616666666667
16575,513,18.0,18,0.5067916666666668
16592,514,17.0,17,0.5062533333333333
16718,515,126.0,126,0.5022633333333333
16733,516,15.0,15,0.5017883333333334
16754,517,21.0,21,0.5011233333333334
16768,518,14.0,14,0.50068
16779,519,11.0,11,0.5003316666666666
16788,520,9.0,9,0.5000466666666668
16902,521,114.0,114,0.49643666666666664
16996,522,94.0,94,0.49346
17049,523,53.0,53,0.4917816666666667
17086,524,37.0,37,0.49061
17098,525,12.0,12,0.49023000000000005
17114,526,16.0,16,0.4897233333333333
17156,527,42.0,42,0.48839333333333335
17168,528,12.0,12,0.4880133333333333
17229,529,61.0,61,0.48608166666666663
17276,530,47.0,47,0.48459333333333343
17290,531,14.0,14,0.48414999999999997
17383,532,93.0,93,0.481205
17397,533,14.0,14,0.48076166666666675
17411,534,14.0,14,0.4803183333333333
17482,535,71.0,71,0.47807
17508,536,26.0,26,0.4772466666666667
17523,537,15.0,15,0.4767716666666667
17579,538,56.0,56,0.4749983333333334
17610,539,31.0,31,0.47401666666666675
17662,540,52.0,52,0.47237000000000007
17702,541,40.0,40,0.47110333333333343
17719,542,17.0,17,0.470565
17758,543,39.0,39,0.46933
17817,544,59.0,59,0.46746166666666666
17912,545,95.0,95,0.4644533333333334
17982,546,70.0,70,0.46223666666666663
17998,547,16.0,16,0.4617300000000001
18012,548,14.0,14,0.4612866666666666
18024,549,12.0,12,0.4609066666666667
18068,550,44.0,44,0.45951333333333344
18176,551,108.0,108,0.45609333333333335
18220,552,44.0,44,0.4547000000000001
18265,553,45.0,45,0.453275
18364,554,99.0,99,0.4501400000000001
18432,555,68.0,68,0.44798666666666676
18445,556,13.0,13,0.44757500000000006
18504,557,59.0,59,0.4457066666666667
18609,558,105.0,105,0.4423816666666667
18627,559,18.0,18,0.4418116666666667
18675,560,48.0,48,0.44029166666666675
18689,561,14.0,14,0.4398483333333334
18793,562,104.0,104,0.436555
18809,563,16.0,16,0.43604833333333337
18919,564,110.0,110,0.432565
18968,565,49.0,49,0.43101333333333336
19069,566,101.0,101,0.42781500000000006
19126,567,57.0,57,0.4260100000000001
19179,568,53.0,53,0.42433166666666666
19191,569,12.0,12,0.4239516666666666
19482,570,291.0,291,0.41473666666666675
19513,571,31.0,31,0.4137550000000001
19607,572,94.0,94,0.41077833333333336
19622,573,15.0,15,0.41030333333333335
19762,574,140.0,140,0.40587000000000006
19787,575,25.0,25,0.40507833333333343
19892,576,105.0,105,0.4017533333333333
19905,577,13.0,13,0.4013416666666667
19918,578,13.0,13,0.40093
19935,579,17.0,17,0.4003916666666667
19956,580,21.0,21,0.3997266666666667
19977,581,21.0,21,0.39906166666666665
20005,582,28.0,28,0.39817500000000006
20029,583,24.0,24,0.3974150000000001
20044,584,15.0,15,0.39693999999999996
20129,585,85.0,85,0.3942483333333333
20163,586,34.0,34,0.3931716666666667
20273,587,110.0,110,0.3896883333333334
20287,588,14.0,14,0.38924499999999995
20299,589,12.0,12,0.388865
20411,590,112.0,112,0.3853183333333333
20540,591,129.0,129,0.3812333333333334
20634,592,94.0,94,0.3782566666666667
20697,593,63.0,63,0.3762616666666667
20791,594,94.0,94,0.3732850000000001
20863,595,72.0,72,0.37100500000000003
20924,596,61.0,61,0.36907333333333336
21026,597,102.0,102,0.3658433333333334
21140,598,114.0,114,0.3622333333333334
21341,599,201.0,201,0.35586833333333334
21402,600,61.0,61,0.3539366666666667
21502,601,100.0,100,0.35077
21520,602,18.0,18,0.35019999999999996
21617,603,97.0,97,0.34712833333333337
21658,604,41.0,41,0.3458300000000001
21789,605,131.0,131,0.3416816666666668
21829,606,40.0,40,0.340415
21842,607,13.0,13,0.34000333333333344
21890,608,48.0,48,0.33848333333333336
21903,609,13.0,13,0.33807166666666677
21937,610,34.0,34,0.33699500000000004
21975,611,38.0,38,0.3357916666666666
21989,612,14.0,14,0.33534833333333336
22188,613,199.0,199,0.3290466666666667
22298,614,110.0,110,0.3255633333333334
22416,615,118.0,118,0.3218266666666667
22523,616,107.0,107,0.3184383333333334
22621,617,98.0,98,0.31533500000000003
22721,618,100.0,100,0.3121683333333334
22744,619,23.0,23,0.31144000000000005
22763,620,19.0,19,0.3108383333333333
22863,621,100.0,100,0.3076716666666667
22917,622,54.0,54,0.3059616666666667
23019,623,102.0,102,0.30273166666666673
23080,624,61.0,61,0.30080000000000007
23123,625,43.0,43,0.29943833333333336
23136,626,13.0,13,0.29902666666666666
23234,627,98.0,98,0.2959233333333334
23327,628,93.0,93,0.29297833333333334
23434,629,107.0,107,0.28959
23544,630,110.0,110,0.28610666666666673
23556,631,12.0,12,0.2857266666666667
23663,632,107.0,107,0.28233833333333336
23764,633,101.0,101,0.27914000000000005
23779,634,15.0,15,0.27866500000000005
23874,635,95.0,95,0.27565666666666677
23977,636,103.0,103,0.27239500000000005
24000,637,23.0,23,0.2716666666666666
24104,638,104.0,104,0.26837333333333335
24201,639,97.0,97,0.26530166666666677
24300,640,99.0,99,0.26216666666666677
24316,641,16.0,16,0.26166
24334,642,18.0,18,0.26109000000000004
24345,643,11.0,11,0.26074166666666665
24446,644,101.0,101,0.25754333333333335
24546,645,100.0,100,0.2543766666666667
24559,646,13.0,13,0.253965
24583,647,24.0,24,0.253205
24673,648,90.0,90,0.250355
24691,649,18.0,18,0.24978500000000003
24808,650,117.0,117,0.24608000000000008
24831,651,23.0,23,0.24535166666666675
24932,652,101.0,101,0.24215333333333344
25029,653,97.0,97,0.23908166666666664
25137,654,108.0,108,0.23566166666666677
25148,655,11.0,11,0.23531333333333337
25259,656,111.0,111,0.23179833333333344
25282,657,23.0,23,0.23107
25298,658,16.0,16,0.23056333333333345
25398,659,100.0,100,0.2273966666666667
25421,660,23.0,23,0.22666833333333336
25523,661,102.0,102,0.2234383333333334
25622,662,99.0,99,0.2203033333333334
25719,663,97.0,97,0.2172316666666667
25732,664,13.0,13,0.21682
25823,665,91.0,91,0.21393833333333334
25834,666,11.0,11,0.21359000000000006
25875,667,41.0,41,0.21229166666666666
25975,668,100.0,100,0.209125
26083,669,108.0,108,0.20570500000000003
26178,670,95.0,95,0.20269666666666664
26281,671,103.0,103,0.19943500000000003
26390,672,109.0,109,0.1959833333333333
26479,673,89.0,89,0.19316500000000003
26575,674,96.0,96,0.190125
26671,675,96.0,96,0.18708500000000006
26777,676,106.0,106,0.18372833333333338
26869,677,92.0,92,0.18081500000000006
26966,678,97.0,97,0.17774333333333336
27079,679,113.0,113,0.17416500000000013
27120,680,41.0,41,0.17286666666666672
27172,681,52.0,52,0.17122000000000004
27272,682,100.0,100,0.1680533333333334
27372,683,100.0,100,0.16488666666666674
27466,684,94.0,94,0.1619100000000001
27566,685,100.0,100,0.15874333333333346
27664,686,98.0,98,0.15564
27768,687,104.0,104,0.15234666666666674
27819,688,51.0,51,0.1507316666666667
27891,689,72.0,72,0.14845166666666676
27996,690,105.0,105,0.14512666666666663
28097,691,101.0,101,0.14192833333333332
28195,692,98.0,98,0.1388250000000001
28295,693,100.0,100,0.13565833333333333
28392,694,97.0,97,0.13258666666666663
28491,695,99.0,99,0.12945166666666674
28594,696,103.0,103,0.12619000000000014
28700,697,106.0,106,0.12283333333333335
28798,698,98.0,98,0.11973000000000011
28898,699,100.0,100,0.11656333333333346
29006,700,108.0,108,0.11314333333333337
29099,701,93.0,93,0.1101983333333334
29203,702,104.0,104,0.10690500000000003
29306,703,103.0,103,0.10364333333333342
29405,704,99.0,99,0.10050833333333342
29509,705,104.0,104,0.09721500000000005
29615,706,106.0,106,0.09385833333333338
29718,707,103.0,103,0.09059666666666666
29815,708,97.0,97,0.08752500000000007
29917,709,102.0,102,0.08429500000000001
30024,710,107.0,107,0.08090666666666668
30127,711,103.0,103,0.07764500000000008
30222,712,95.0,95,0.07463666666666668
30235,713,13.0,13,0.07422499999999999
30339,714,104.0,104,0.07093166666666673
30446,715,107.0,107,0.06754333333333329
30550,716,104.0,104,0.06425000000000003
30655,717,105.0,105,0.06092500000000001
30764,718,109.0,109,0.057473333333333376
30868,719,104.0,104,0.054180000000000006
30968,720,100.0,100,0.051013333333333355
31066,721,98.0,98,0.050000000000000044
31177,722,111.0,111,0.050000000000000044
31275,723,98.0,98,0.050000000000000044
31377,724,102.0,102,0.050000000000000044
31484,725,107.0,107,0.050000000000000044
31591,726,107.0,107,0.050000000000000044
31692,727,101.0,101,0.050000000000000044
31801,728,109.0,109,0.050000000000000044
31907,729,106.0,106,0.050000000000000044
32013,730,106.0,106,0.050000000000000044
32120,731,107.0,107,0.050000000000000044
32228,732,108.0,108,0.050000000000000044
32339,733,111.0,111,0.050000000000000044
32446,734,107.0,107,0.050000000000000044
32553,735,107.0,107,0.050000000000000044
32664,736,111.0,111,0.050000000000000044
32773,737,109.0,109,0.050000000000000044
32881,738,108.0,108,0.050000000000000044
32988,739,107.0,107,0.050000000000000044
33097,740,109.0,109,0.050000000000000044
33205,741,108.0,108,0.050000000000000044
33309,742,104.0,104,0.050000000000000044
33419,743,110.0,110,0.050000000000000044
33535,744,116.0,116,0.050000000000000044
33657,745,122.0,122,0.050000000000000044
33761,746,104.0,104,0.050000000000000044
33880,747,119.0,119,0.050000000000000044
33991,748,111.0,111,0.050000000000000044
34114,749,123.0,123,0.050000000000000044
34222,750,108.0,108,0.050000000000000044
34332,751,110.0,110,0.050000000000000044
34459,752,127.0,127,0.050000000000000044
34576,753,117.0,117,0.050000000000000044
34690,754,114.0,114,0.050000000000000044
34813,755,123.0,123,0.050000000000000044
34948,756,135.0,135,0.050000000000000044
35078,757,130.0,130,0.050000000000000044
35205,758,127.0,127,0.050000000000000044
35338,759,133.0,133,0.050000000000000044
35459,760,121.0,121,0.050000000000000044
35578,761,119.0,119,0.050000000000000044
35698,762,120.0,120,0.050000000000000044
35821,763,123.0,123,0.050000000000000044
35979,764,158.0,158,0.050000000000000044
36117,765,138.0,138,0.050000000000000044
36239,766,122.0,122,0.050000000000000044
36390,767,151.0,151,0.050000000000000044
36738,768,348.0,348,0.050000000000000044
37164,769,426.0,426,0.050000000000000044
37492,770,328.0,328,0.050000000000000044
37824,771,332.0,332,0.050000000000000044
38101,772,277.0,277,0.050000000000000044
38384,773,283.0,283,0.050000000000000044
38658,774,274.0,274,0.050000000000000044
38930,775,272.0,272,0.050000000000000044
39220,776,290.0,290,0.050000000000000044
39488,777,268.0,268,0.050000000000000044
39771,778,283.0,283,0.050000000000000044
40035,779,264.0,264,0.050000000000000044
40342,780,307.0,307,0.050000000000000044
40639,781,297.0,297,0.050000000000000044
40946,782,307.0,307,0.050000000000000044
41282,783,336.0,336,0.050000000000000044
41626,784,344.0,344,0.050000000000000044
42009,785,383.0,383,0.050000000000000044
42356,786,347.0,347,0.050000000000000044
42732,787,376.0,376,0.050000000000000044
43087,788,355.0,355,0.050000000000000044
43416,789,329.0,329,0.050000000000000044
43805,790,389.0,389,0.050000000000000044
44190,791,385.0,385,0.050000000000000044
44585,792,395.0,395,0.050000000000000044
44988,793,403.0,403,0.050000000000000044
45377,794,389.0,389,0.050000000000000044
45766,795,389.0,389,0.050000000000000044
46146,796,380.0,380,0.050000000000000044
46591,797,445.0,445,0.050000000000000044
46962,798,371.0,371,0.050000000000000044
47378,799,416.0,416,0.050000000000000044
47786,800,408.0,408,0.050000000000000044
48189,801,403.0,403,0.050000000000000044
48689,802,500.0,500,0.050000000000000044
49189,803,500.0,500,0.050000000000000044
49689,804,500.0,500,0.050000000000000044
